-- ŞarjUp Seed Data
-- Örnek partner, işletme, cihaz ve ödeme verileri

-- PARTNERS
INSERT INTO partners (id, full_name, tc_no, phone, email, city, district, address, company_name, tax_number, commission_rate, status, notes) VALUES
('a1000000-0000-0000-0000-000000000001', 'Ahmet Yılmaz', '12345678901', '532 111 11 11', 'ahmet.yilmaz@email.com', 'İstanbul', 'Kadıköy', 'Moda Cad. No:45 Daire:3', 'Yılmaz Teknoloji Ltd. Şti.', '1234567890', 30, 'active', 'Kurucu ortak'),
('a1000000-0000-0000-0000-000000000002', 'Mehmet Demir', '23456789012', '533 222 22 22', 'mehmet.demir@email.com', 'Ankara', 'Çankaya', 'Tunalı Hilmi Cad. No:12', 'Demir Çözümleri A.Ş.', '2345678901', 25, 'active', NULL),
('a1000000-0000-0000-0000-000000000003', 'Ayşe Kaya', '34567890123', '534 333 33 33', 'ayse.kaya@email.com', 'İzmir', 'Bornova', 'Fevzi Çakmak Bulvarı No:67', NULL, NULL, 35, 'active', NULL),
('a1000000-0000-0000-0000-000000000004', 'Fatma Çelik', '45678901234', '535 444 44 44', 'fatma.celik@email.com', 'Bursa', 'Nilüfer', 'İstiklal Cad. No:89', 'Çelik Girişim Ltd.', '3456789012', 30, 'active', NULL),
('a1000000-0000-0000-0000-000000000005', 'Ali Şahin', '56789012345', '536 555 55 55', 'ali.sahin@email.com', 'Antalya', 'Muratpaşa', 'Atatürk Cad. No:23', NULL, NULL, 28, 'active', NULL),
('a1000000-0000-0000-0000-000000000006', 'Zeynep Arslan', '67890123456', '537 666 66 66', 'zeynep.arslan@email.com', 'İstanbul', 'Beşiktaş', 'Barbaros Bulvarı No:34', 'Arslan Tech', '4567890123', 32, 'inactive', 'Geçici durduruldu'),
('a1000000-0000-0000-0000-000000000007', 'Mustafa Koç', '78901234567', '538 777 77 77', 'mustafa.koc@email.com', 'İstanbul', 'Ataşehir', 'Mevlana Cad. No:56', 'Koç Dağıtım', '5678901234', 30, 'active', NULL),
('a1000000-0000-0000-0000-000000000008', 'Selin Yıldız', '89012345678', '539 888 88 88', 'selin.yildiz@email.com', 'Trabzon', 'Ortahisar', 'Kemerkaya Mah. No:78', NULL, NULL, 30, 'pending', 'Başvuru inceleniyor'),
('a1000000-0000-0000-0000-000000000009', 'Emre Güneş', '90123456789', '540 999 99 99', 'emre.gunes@email.com', 'Adana', 'Seyhan', 'Ziyapaşa Bulvarı No:91', 'Güneş Sistemleri', '6789012345', 30, 'active', NULL),
('a1000000-0000-0000-0000-000000000010', 'Deniz Özkan', '01234567890', '541 000 00 00', 'deniz.ozkan@email.com', 'İstanbul', 'Şişli', 'Halaskargazi Cad. No:112', 'Özkan E-Ticaret', '7890123456', 35, 'active', NULL);

-- BUSINESSES
INSERT INTO businesses (id, partner_id, name, business_type, phone, email, address, city, district, contact_person, contact_phone, device_count, monthly_fee, contract_start_date, status, notes) VALUES
('b1000000-0000-0000-0000-000000000001', 'a1000000-0000-0000-0000-000000000001', 'Café Central', 'cafe', '212 111 11 11', 'info@cafecentral.com', 'Bağdat Cad. No:55', 'İstanbul', 'Kadıköy', 'Hasan Yılmaz', '532 100 10 10', 2, 1000, '2024-01-15', 'active', NULL),
('b1000000-0000-0000-0000-000000000002', 'a1000000-0000-0000-0000-000000000001', 'Hotel Bosphorus', 'hotel', '212 222 22 22', 'info@hotelbosphorus.com', 'Sahil Yolu No:10', 'İstanbul', 'Kadıköy', 'Aylin Aydın', '532 200 20 20', 4, 2000, '2024-02-01', 'active', NULL),
('b1000000-0000-0000-0000-000000000003', 'a1000000-0000-0000-0000-000000000002', 'Ankara AVM', 'mall', '312 333 33 33', 'info@ankaravm.com', 'Kızılay Meydanı No:1', 'Ankara', 'Çankaya', 'Kemal Kara', '533 300 30 30', 6, 3000, '2024-01-01', 'active', NULL),
('b1000000-0000-0000-0000-000000000004', 'a1000000-0000-0000-0000-000000000002', 'Ankara Şifa Hastanesi', 'hospital', '312 444 44 44', 'info@ankarasifa.com', 'Atatürk Bulvarı No:88', 'Ankara', 'Çankaya', 'Dr. Selim Ersoy', '533 400 40 40', 3, 1500, '2024-03-01', 'active', NULL),
('b1000000-0000-0000-0000-000000000005', 'a1000000-0000-0000-0000-000000000003', 'İzmir Bistro', 'restaurant', '232 555 55 55', 'info@izmirrestro.com', 'Alsancak Kordon No:22', 'İzmir', 'Konak', 'Berin Tur', '534 500 50 50', 2, 1000, '2024-04-01', 'active', NULL),
('b1000000-0000-0000-0000-000000000006', 'a1000000-0000-0000-0000-000000000004', 'Bursa Grand Hotel', 'hotel', '224 666 66 66', 'info@bursagrand.com', 'Osmangazi Bulvarı No:34', 'Bursa', 'Nilüfer', 'Tahir Ekici', '535 600 60 60', 3, 1500, '2024-05-01', 'active', NULL),
('b1000000-0000-0000-0000-000000000007', 'a1000000-0000-0000-0000-000000000005', 'Antalya Beach Cafe', 'cafe', '242 777 77 77', 'info@antalyabeach.com', 'Lara Cad. No:45', 'Antalya', 'Muratpaşa', 'Suna Yılmaz', '536 700 70 70', 2, 1000, '2024-06-01', 'active', NULL),
('b1000000-0000-0000-0000-000000000008', 'a1000000-0000-0000-0000-000000000007', 'İstanbul Tech Hub', 'other', '216 888 88 88', 'info@isttekhub.com', 'Atatürk Cad. No:99', 'İstanbul', 'Ataşehir', 'Cem Özdemir', '538 800 80 80', 4, 2000, '2024-07-01', 'active', NULL),
('b1000000-0000-0000-0000-000000000009', 'a1000000-0000-0000-0000-000000000009', 'Adana Yemek', 'restaurant', '322 999 99 99', 'info@adanayemek.com', 'Seyhan Mah. No:12', 'Adana', 'Seyhan', 'Fatih Tekin', '540 900 90 90', 2, 1000, '2024-08-01', 'active', NULL),
('b1000000-0000-0000-0000-000000000010', 'a1000000-0000-0000-0000-000000000010', 'Şişli Lounge', 'cafe', '212 000 00 11', 'info@sislilounge.com', 'Halaskargazi Cad. No:5', 'İstanbul', 'Şişli', 'Arda Saraç', '541 010 10 10', 2, 1000, '2024-09-01', 'active', NULL);

-- DEVICES
INSERT INTO devices (id, device_id, serial_number, business_id, partner_id, production_batch, production_date, activation_date, last_maintenance, battery_health, status, subscription_end_date, last_counter, total_uses, total_usage_hours, monthly_avg_usage, stock_location, notes) VALUES
('c1000000-0000-0000-0000-000000000001', 'ŞRJ-2024-0001', 'SN-2024-001-A', 'b1000000-0000-0000-0000-000000000001', 'a1000000-0000-0000-0000-000000000001', 'BATCH-2024-01', '2024-01-10', '2024-01-15', '2024-06-01', 95, 'active', '2025-01-15', 150, 1200, 300, 25, NULL, NULL),
('c1000000-0000-0000-0000-000000000002', 'ŞRJ-2024-0002', 'SN-2024-001-B', 'b1000000-0000-0000-0000-000000000001', 'a1000000-0000-0000-0000-000000000001', 'BATCH-2024-01', '2024-01-10', '2024-01-15', NULL, 88, 'active', '2025-01-15', 120, 950, 240, 20, NULL, NULL),
('c1000000-0000-0000-0000-000000000003', 'ŞRJ-2024-0003', 'SN-2024-002-A', 'b1000000-0000-0000-0000-000000000002', 'a1000000-0000-0000-0000-000000000001', 'BATCH-2024-01', '2024-01-10', '2024-02-01', '2024-08-01', 92, 'active', '2025-02-01', 180, 1400, 360, 30, NULL, NULL),
('c1000000-0000-0000-0000-000000000004', 'ŞRJ-2024-0004', 'SN-2024-002-B', 'b1000000-0000-0000-0000-000000000002', 'a1000000-0000-0000-0000-000000000001', 'BATCH-2024-01', '2024-01-10', '2024-02-01', NULL, 85, 'active', '2025-02-01', 100, 800, 200, 17, NULL, NULL),
('c1000000-0000-0000-0000-000000000005', 'ŞRJ-2024-0005', 'SN-2024-003-A', 'b1000000-0000-0000-0000-000000000003', 'a1000000-0000-0000-0000-000000000002', 'BATCH-2024-02', '2024-01-20', '2024-01-25', '2024-07-01', 90, 'active', '2025-01-25', 200, 1600, 400, 33, NULL, NULL),
('c1000000-0000-0000-0000-000000000006', 'ŞRJ-2024-0006', 'SN-2024-003-B', 'b1000000-0000-0000-0000-000000000003', 'a1000000-0000-0000-0000-000000000002', 'BATCH-2024-02', '2024-01-20', '2024-01-25', NULL, 78, 'maintenance', NULL, 90, 720, 180, 15, NULL, 'Ekran sorunu var'),
('c1000000-0000-0000-0000-000000000007', 'ŞRJ-2024-0007', 'SN-2024-004-A', 'b1000000-0000-0000-0000-000000000004', 'a1000000-0000-0000-0000-000000000002', 'BATCH-2024-02', '2024-01-20', '2024-03-01', NULL, 95, 'active', '2025-03-01', 160, 1280, 320, 27, NULL, NULL),
('c1000000-0000-0000-0000-000000000008', 'ŞRJ-2024-0008', 'SN-2024-005-A', NULL, NULL, 'BATCH-2024-03', '2024-02-01', NULL, NULL, 100, 'stock', NULL, 0, 0, 0, 0, 'Ana Depo İstanbul', NULL),
('c1000000-0000-0000-0000-000000000009', 'ŞRJ-2024-0009', 'SN-2024-005-B', NULL, NULL, 'BATCH-2024-03', '2024-02-01', NULL, NULL, 100, 'stock', NULL, 0, 0, 0, 0, 'Ana Depo İstanbul', NULL),
('c1000000-0000-0000-0000-000000000010', 'ŞRJ-2024-0010', 'SN-2024-006-A', 'b1000000-0000-0000-0000-000000000005', 'a1000000-0000-0000-0000-000000000003', 'BATCH-2024-03', '2024-02-01', '2024-04-01', NULL, 87, 'active', '2025-04-01', 130, 1040, 260, 22, NULL, NULL),
('c1000000-0000-0000-0000-000000000011', 'ŞRJ-2024-0011', 'SN-2024-007-A', 'b1000000-0000-0000-0000-000000000006', 'a1000000-0000-0000-0000-000000000004', 'BATCH-2024-03', '2024-02-15', '2024-05-01', '2024-09-01', 82, 'active', '2025-05-01', 110, 880, 220, 18, NULL, NULL),
('c1000000-0000-0000-0000-000000000012', 'ŞRJ-2024-0012', 'SN-2024-008-A', 'b1000000-0000-0000-0000-000000000007', 'a1000000-0000-0000-0000-000000000005', 'BATCH-2024-04', '2024-03-01', '2024-06-01', NULL, 93, 'active', '2025-06-01', 140, 1120, 280, 23, NULL, NULL),
('c1000000-0000-0000-0000-000000000013', 'ŞRJ-2024-0013', 'SN-2024-009-A', NULL, 'a1000000-0000-0000-0000-000000000006', 'BATCH-2024-04', '2024-03-10', NULL, NULL, 100, 'stock', NULL, 0, 0, 0, 0, 'Depo Ankara', 'Partner pasif oldu'),
('c1000000-0000-0000-0000-000000000014', 'ŞRJ-2024-0014', 'SN-2024-010-A', 'b1000000-0000-0000-0000-000000000008', 'a1000000-0000-0000-0000-000000000007', 'BATCH-2024-04', '2024-03-15', '2024-07-01', NULL, 97, 'active', '2025-07-01', 80, 640, 160, 13, NULL, NULL),
('c1000000-0000-0000-0000-000000000015', 'ŞRJ-2024-0015', 'SN-2024-011-A', NULL, NULL, 'BATCH-2024-05', '2024-04-01', NULL, NULL, 100, 'stock', NULL, 0, 0, 0, 0, 'Ana Depo İstanbul', NULL);

-- PAYMENTS
INSERT INTO payments (id, transaction_no, business_id, partner_id, amount, commission_rate, commission_amount, net_amount, method, status, paid_at, invoice_exists, created_at) VALUES
('d1000000-0000-0000-0000-000000000001', 'TRX-2025-0001', 'b1000000-0000-0000-0000-000000000001', 'a1000000-0000-0000-0000-000000000001', 1000, 30, 300, 700, 'bank', 'completed', '2025-01-31 10:00:00+03', true, '2025-01-31 10:00:00+03'),
('d1000000-0000-0000-0000-000000000002', 'TRX-2025-0002', 'b1000000-0000-0000-0000-000000000002', 'a1000000-0000-0000-0000-000000000001', 2000, 30, 600, 1400, 'bank', 'completed', '2025-01-31 11:00:00+03', true, '2025-01-31 11:00:00+03'),
('d1000000-0000-0000-0000-000000000003', 'TRX-2025-0003', 'b1000000-0000-0000-0000-000000000003', 'a1000000-0000-0000-0000-000000000002', 3000, 25, 750, 2250, 'bank', 'completed', '2025-02-28 10:00:00+03', true, '2025-02-28 10:00:00+03'),
('d1000000-0000-0000-0000-000000000004', 'TRX-2025-0004', 'b1000000-0000-0000-0000-000000000004', 'a1000000-0000-0000-0000-000000000002', 1500, 25, 375, 1125, 'iyzico', 'completed', '2025-02-28 11:00:00+03', false, '2025-02-28 11:00:00+03'),
('d1000000-0000-0000-0000-000000000005', 'TRX-2025-0005', 'b1000000-0000-0000-0000-000000000005', 'a1000000-0000-0000-0000-000000000003', 1000, 35, 350, 650, 'cash', 'completed', '2025-03-31 10:00:00+03', false, '2025-03-31 10:00:00+03'),
('d1000000-0000-0000-0000-000000000006', 'TRX-2025-0006', 'b1000000-0000-0000-0000-000000000006', 'a1000000-0000-0000-0000-000000000004', 1500, 30, 450, 1050, 'bank', 'completed', '2025-03-31 11:00:00+03', true, '2025-03-31 11:00:00+03'),
('d1000000-0000-0000-0000-000000000007', 'TRX-2025-0007', 'b1000000-0000-0000-0000-000000000007', 'a1000000-0000-0000-0000-000000000005', 1000, 28, 280, 720, 'iyzico', 'pending', NULL, false, '2025-04-20 10:00:00+03'),
('d1000000-0000-0000-0000-000000000008', 'TRX-2025-0008', 'b1000000-0000-0000-0000-000000000008', 'a1000000-0000-0000-0000-000000000007', 2000, 30, 600, 1400, 'bank', 'pending', NULL, false, '2025-04-21 10:00:00+03'),
('d1000000-0000-0000-0000-000000000009', 'TRX-2025-0009', 'b1000000-0000-0000-0000-000000000009', 'a1000000-0000-0000-0000-000000000009', 1000, 30, 300, 700, 'bank', 'completed', '2025-04-10 10:00:00+03', true, '2025-04-10 10:00:00+03'),
('d1000000-0000-0000-0000-000000000010', 'TRX-2025-0010', 'b1000000-0000-0000-0000-000000000010', 'a1000000-0000-0000-0000-000000000010', 1000, 35, 350, 650, 'cash', 'completed', '2025-04-15 10:00:00+03', false, '2025-04-15 10:00:00+03'),
('d1000000-0000-0000-0000-000000000011', 'TRX-2025-0011', 'b1000000-0000-0000-0000-000000000001', 'a1000000-0000-0000-0000-000000000001', 1000, 30, 300, 700, 'bank', 'completed', '2025-02-28 10:00:00+03', true, '2025-02-28 10:00:00+03'),
('d1000000-0000-0000-0000-000000000012', 'TRX-2025-0012', 'b1000000-0000-0000-0000-000000000003', 'a1000000-0000-0000-0000-000000000002', 3000, 25, 750, 2250, 'bank', 'failed', NULL, false, '2025-04-05 10:00:00+03');

-- ACTIVITY LOGS
INSERT INTO activity_logs (actor_id, actor_type, action, resource_type, resource_id, details) VALUES
('a1000000-0000-0000-0000-000000000001', 'admin', 'create', 'partner', 'a1000000-0000-0000-0000-000000000001', '{"full_name": "Ahmet Yılmaz"}'),
('a1000000-0000-0000-0000-000000000001', 'admin', 'create', 'business', 'b1000000-0000-0000-0000-000000000001', '{"name": "Café Central"}'),
('a1000000-0000-0000-0000-000000000001', 'admin', 'create', 'device', 'c1000000-0000-0000-0000-000000000001', '{"device_id": "ŞRJ-2024-0001"}'),
('a1000000-0000-0000-0000-000000000001', 'admin', 'update', 'device', 'c1000000-0000-0000-0000-000000000001', '{"status": "active"}'),
('a1000000-0000-0000-0000-000000000002', 'admin', 'create', 'partner', 'a1000000-0000-0000-0000-000000000002', '{"full_name": "Mehmet Demir"}');
